{
  "project_info": {
    "project_number": "118015580248",
    "project_id": "ditonton-submission-d006c",
    "storage_bucket": "ditonton-submission-d006c.appspot.com"
  },
  "client": [
    {
      "client_info": {
        "mobilesdk_app_id": "1:118015580248:android:79b082adffc36a48dd922d",
        "android_client_info": {
          "package_name": "com.dicoding.ditonton"
        }
      },
      "oauth_client": [],
      "api_key": [
        {
          "current_key": "AIzaSyCoLDBgzqQbxEf35G3C4WWv3_a4AX3Y2Mc"
        }
      ],
      "services": {
        "appinvite_service": {
          "other_platform_oauth_client": []
        }
      }
    }
  ],
  "configuration_version": "1"
}